<?xml version="1.0" encoding="UTF-8"?>
<GenRun Id="xadc_wiz_0_synth_1" LaunchPart="xc7a35tcpg236-1" LaunchTime="1535399193">
  <File Type="PA-TCL" Name="xadc_wiz_0.tcl"/>
  <File Type="REPORTS-TCL" Name="xadc_wiz_0_reports.tcl"/>
  <File Type="RDS-RDS" Name="xadc_wiz_0.vds"/>
  <File Type="RDS-UTIL" Name="xadc_wiz_0_utilization_synth.rpt"/>
  <File Type="RDS-UTIL-PB" Name="xadc_wiz_0_utilization_synth.pb"/>
  <File Type="RDS-DCP" Name="xadc_wiz_0.dcp"/>
  <FileSet Name="sources" Type="BlockSrcs" RelSrcDir="$PSRCDIR/xadc_wiz_0">
    <File Path="$PSRCDIR/xadc_wiz_0/ip/xadc_wiz_0/xadc_wiz_0.xci">
      <FileInfo>
        <Attr Name="ImportPath" Val="$PPRDIR/../../../src/ip/xadc_wiz_0_1/xadc_wiz_0.xci"/>
        <Attr Name="ImportTime" Val="1535399167"/>
        <Attr Name="UsedIn" Val="synthesis"/>
        <Attr Name="UsedIn" Val="implementation"/>
        <Attr Name="UsedIn" Val="simulation"/>
      </FileInfo>
    </File>
    <Config>
      <Option Name="TopModule" Val="xadc_wiz_0"/>
      <Option Name="UseBlackboxStub" Val="1"/>
    </Config>
  </FileSet>
  <FileSet Name="constrs_in" Type="BlockSrcs" RelSrcDir="$PSRCDIR/xadc_wiz_0">
    <File Path="$PSRCDIR/xadc_wiz_0/ip/xadc_wiz_0/xadc_wiz_0.xci">
      <FileInfo>
        <Attr Name="ImportPath" Val="$PPRDIR/../../../src/ip/xadc_wiz_0_1/xadc_wiz_0.xci"/>
        <Attr Name="ImportTime" Val="1535399167"/>
        <Attr Name="UsedIn" Val="synthesis"/>
        <Attr Name="UsedIn" Val="implementation"/>
        <Attr Name="UsedIn" Val="simulation"/>
      </FileInfo>
    </File>
    <Config>
      <Option Name="TopModule" Val="xadc_wiz_0"/>
      <Option Name="UseBlackboxStub" Val="1"/>
    </Config>
  </FileSet>
  <Strategy Version="1" Minor="2">
    <StratHandle Name="Vivado Synthesis Defaults" Flow="Vivado Synthesis 2018"/>
    <Step Id="synth_design"/>
  </Strategy>
</GenRun>
